Province,Electoral District Name,Electoral District Number,Population,Electors,Polling Stations,Valid Ballots,Percentage of Valid Ballots,Rejected Ballots,Percentage of Rejected Ballots,Total Ballots Cast,Percentage of Voter Turnout,Winning Party
Newfoundland and Labrador,Avalon,10001,86494,70341,211,41334,99,397,1,41731,59.3,Liberal
Newfoundland and Labrador,Bonavista--Burin--Trinity,10002,74116,60166,258,32179,98.1,609,1.9,32788,54.5,Liberal
Newfoundland and Labrador,Coast of Bays--Central--Notre Dame,10003,77680,63639,229,34182,97.8,770,2.2,34952,54.9,Liberal
Newfoundland and Labrador,Labrador,10004,27197,20184,85,11419,98.8,139,1.2,11558,57.3,Liberal
Newfoundland and Labrador,Long Range Mountains,10005,86553,70688,248,38426,98.5,576,1.5,39002,55.2,Liberal
Newfoundland and Labrador,St. John's East/St. John's-Est,10006,85697,67406,180,45072,98.8,528,1.2,45600,67.6,NDP
Newfoundland and Labrador,St. John's South--Mount Pearl/St. John's-Sud--Mount Pearl,10007,81979,67643,183,40666,98.6,592,1.4,41258,61,Liberal
Prince Edward Island,Cardigan,11001,36615,29869,88,22167,99,232,1,22399,75,Liberal
Prince Edward Island,Charlottetown,11002,36094,27719,75,19910,98.6,274,1.4,20184,72.8,Liberal
Prince Edward Island,Egmont,11003,34168,28557,88,20178,98.7,274,1.3,20452,71.6,Liberal
Prince Edward Island,Malpeque,11004,36030,30576,89,23039,98.8,288,1.2,23327,76.3,Liberal
Nova Scotia,Cape Breton--Canso,12001,71913,60699,214,42940,98.6,601,1.4,43541,71.7,Liberal
Nova Scotia,Central Nova/Nova-Centre,12002,71962,60955,228,44470,99.1,412,0.9,44882,73.6,Liberal
Nova Scotia,Cumberland--Colchester,12003,80590,66967,218,45450,99,447,1,45897,68.5,Liberal
Nova Scotia,Dartmouth--Cole Harbour,12004,92301,77390,196,53499,99.3,404,0.7,53903,69.7,Liberal
Nova Scotia,Halifax,12005,94610,76843,199,55752,99.4,361,0.6,56113,73,Liberal
Nova Scotia,Halifax West/Halifax-Ouest,12006,96255,77531,223,54357,99.2,465,0.8,54822,70.7,Liberal
Nova Scotia,Kings--Hants,12007,83465,70332,221,48036,99.3,327,0.7,48363,68.8,Liberal
Nova Scotia,Sackville--Preston--Chezzetcook,12008,86498,71759,194,49537,99.4,320,0.6,49857,69.5,Liberal
Nova Scotia,South Shore--St. Margarets,12009,91830,78470,258,52518,99.2,439,0.8,52957,67.5,Liberal
Nova Scotia,Sydney--Victoria,12010,72148,60322,194,40565,98.7,528,1.3,41093,68.1,Liberal
Nova Scotia,West Nova/Nova-Ouest,12011,82026,70143,227,46798,98.9,512,1.1,47310,67.4,Conservative
New Brunswick/Nouveau-Brunswick,Acadie--Bathurst,13001,77791,66937,233,48143,98.1,924,1.9,49067,73.3,Liberal
New Brunswick/Nouveau-Brunswick,Beauséjour,13002,82292,70361,219,53685,99.1,475,0.9,54160,77,Liberal
New Brunswick/Nouveau-Brunswick,Fredericton,13003,83303,66606,156,49409,99.4,301,0.6,49710,74.6,Green
New Brunswick/Nouveau-Brunswick,Fundy Royal,13004,79943,65543,196,48646,99.3,349,0.7,48995,74.8,Conservative
New Brunswick/Nouveau-Brunswick,Madawaska--Restigouche,13005,60378,50828,154,34469,98.1,657,1.9,35126,69.1,Liberal
New Brunswick/Nouveau-Brunswick,Miramichi--Grand Lake,13006,57405,48570,161,34598,98.5,517,1.5,35115,72.3,Liberal
New Brunswick/Nouveau-Brunswick,Moncton--Riverview--Dieppe,13007,92666,75006,189,51828,99.2,396,0.8,52224,69.6,Liberal
New Brunswick/Nouveau-Brunswick,New Brunswick Southwest/Nouveau-Brunswick-Sud-Ouest,13008,65287,53889,178,39578,99.2,301,0.8,39879,74,Conservative
New Brunswick/Nouveau-Brunswick,Saint John--Rothesay,13009,79363,63677,168,41253,99.4,250,0.6,41503,65.2,Liberal
New Brunswick/Nouveau-Brunswick,Tobique--Mactaquac,13010,68673,55287,182,38201,99,376,1,38577,69.8,Conservative
Quebec,Abitibi--Baie-James--Nunavik--Eeyou,24001,87787,65225,193,31656,97.5,828,2.5,32484,49.8,BQ
Quebec,Abitibi--Témiscamingue,24002,103491,82499,268,50155,97.9,1057,2.1,51212,62.1,BQ
Quebec,Ahuntsic-Cartierville,24003,117447,83384,229,55111,98.2,1022,1.8,56133,67.3,Liberal
Quebec,Alfred-Pellan,24004,101373,79355,211,54309,98.2,973,1.8,55282,69.7,Liberal
Quebec,Argenteuil--La Petite-Nation,24005,95781,80428,247,49997,98.4,828,1.6,50825,63.2,Liberal
Quebec,Avignon--La Mitis--Matane--Matapédia,24006,71897,59618,218,35968,98.4,591,1.6,36559,61.3,BQ
Quebec,Beauce,24007,108746,86621,240,59429,98.1,1147,1.9,60576,69.9,Conservative
Quebec,Beauport--Limoilou,24008,96029,78080,198,50191,97.5,1272,2.5,51463,65.9,BQ
Quebec,Beauport-Côte-de-Beaupré-Île d'Orléans-Charlevoix,24020,93674,76657,244,50635,98.1,976,1.9,51611,67.3,BQ
Quebec,Bécancour--Nicolet--Saurel,24009,94588,79314,235,52337,98,1042,2,53379,67.3,BQ
Quebec,Bellechasse--Les Etchemins--Lévis,24010,114966,94558,289,64447,98.3,1113,1.7,65560,69.3,Conservative
Quebec,Beloeil--Chambly,24011,117343,95838,268,69490,98.5,1064,1.5,70554,73.6,BQ
Quebec,Berthier--Maskinongé,24012,100371,84645,271,56354,98.3,977,1.7,57331,67.7,BQ
Quebec,Bourassa,24015,101032,70287,187,40351,97.6,1009,2.4,41360,58.8,Liberal
Quebec,Brome--Missisquoi,24016,103457,89334,264,61441,98.5,962,1.5,62403,69.9,Liberal
Quebec,Brossard--Saint-Lambert,24017,107582,83716,221,56652,98.9,657,1.1,57309,68.5,Liberal
Quebec,Charlesbourg--Haute-Saint-Charles,24019,107254,85926,227,59096,97.9,1264,2.1,60360,70.2,Conservative
Quebec,Châteauguay--Lacolle,24021,97887,78384,218,52402,98,1071,2,53473,68.2,Liberal
Quebec,Chicoutimi--Le Fjord,24022,81639,65747,184,43881,97.9,925,2.1,44806,68.1,Conservative
Quebec,Compton--Stanstead,24023,105459,84913,267,58237,98.3,988,1.7,59225,69.7,Liberal
Quebec,Dorval--Lachine--LaSalle,24024,112866,85550,228,52574,98.5,788,1.5,53362,62.4,Liberal
Quebec,Drummond,24025,103397,84074,239,54824,98,1126,2,55950,66.5,BQ
Quebec,Gaspésie--Les Îles-de-la-Madeleine,24026,75850,64919,212,38380,98,783,2,39163,60.3,Liberal
Quebec,Gatineau,24027,107464,84667,230,55783,98.6,787,1.4,56570,66.8,Liberal
Quebec,Hochelaga,24028,106496,82881,217,53037,98.3,907,1.7,53944,65.1,Liberal
Quebec,Honoré-Mercier,24029,103592,78850,207,50363,98,1013,2,51376,65.2,Liberal
Quebec,Hull--Aylmer,24030,105419,79609,213,54993,98.8,692,1.2,55685,69.9,Liberal
Quebec,Joliette,24031,104136,89118,269,57699,98,1203,2,58902,66.1,BQ
Quebec,Jonquière,24032,89818,72961,208,49367,98,999,2,50366,69,BQ
Quebec,La Pointe-de-l'Île,24033,106336,85843,241,55534,98,1141,2,56675,66,BQ
Quebec,La Prairie,24034,105496,87062,202,61553,98.6,886,1.4,62439,71.7,BQ
Quebec,Lac-Saint-Jean,24035,104911,84609,265,54227,97.9,1155,2.1,55382,65.5,BQ
Quebec,Lac-Saint-Louis,24036,108579,84074,230,59525,99.3,445,0.7,59970,71.3,Liberal
Quebec,LaSalle--Émard--Verdun,24037,106766,82733,201,52391,98.4,864,1.6,53255,64.4,Liberal
Quebec,Laurentides--Labelle,24038,113815,100509,282,65406,98.5,1018,1.5,66424,66.1,BQ
Quebec,Laurier--Sainte-Marie,24039,111835,83085,172,53409,99,551,1,53960,64.9,Liberal
Quebec,Laval--Les Îles,24040,108003,83496,212,53961,98.5,840,1.5,54801,65.6,Liberal
Quebec,Lévis--Lotbinière,24042,113528,89779,259,63489,98.1,1241,1.9,64730,72.1,Conservative
Quebec,Longueuil--Charles-LeMoyne,24041,106583,83920,228,51544,98,1067,2,52611,62.7,Liberal
Quebec,Longueuil--Saint-Hubert,24043,108703,87319,224,59844,98.2,1086,1.8,60930,69.8,BQ
Quebec,Louis-Hébert,24044,103346,82395,223,62060,98.6,873,1.4,62933,76.4,Liberal
Quebec,Louis-Saint-Laurent,24045,117238,94851,253,65561,97.9,1389,2.1,66950,70.6,Conservative
Quebec,Manicouagan,24046,92518,72431,247,40390,98.3,712,1.7,41102,56.7,BQ
Quebec,Marc-Aurèle-Fortin,24065,101750,78632,169,55817,98.4,924,1.6,56741,72.2,Liberal
Quebec,Mégantic--L'Érable,24047,87233,70950,231,47508,98.1,898,1.9,48406,68.2,Conservative
Quebec,Mirabel,24048,117652,96848,240,65030,98.1,1286,1.9,66316,68.5,BQ
Quebec,Montarville,24049,97811,77292,209,59228,98.8,742,1.2,59970,77.6,BQ
Quebec,Montcalm,24050,107981,88809,234,54806,97.7,1311,2.3,56117,63.2,BQ
Quebec,Montmagny--L'Islet--Kamouraska--Rivière-du-Loup,24051,95527,78461,260,50388,98.1,976,1.9,51364,65.5,Conservative
Quebec,Mount Royal/Mont-Royal,24052,103320,73273,201,43679,98.7,583,1.3,44262,60.4,Liberal
Quebec,Notre-Dame-de-Grâce--Westmount,24053,104974,76649,204,50321,99.1,446,0.9,50767,66.2,Liberal
Quebec,Outremont,24054,102088,67842,168,41457,98.9,455,1.1,41912,61.8,Liberal
Quebec,Papineau,24055,110750,77341,195,50781,98.2,938,1.8,51719,66.9,Liberal
Quebec,Pierre-Boucher--Les Patriotes--Verchères,24014,99787,81078,225,60783,98.5,913,1.5,61696,76.1,BQ
Quebec,Pierrefonds--Dollard,24056,108587,83562,226,55471,98.8,682,1.2,56153,67.2,Liberal
Quebec,Pontiac,24057,115531,92341,275,61847,98.9,661,1.1,62508,67.7,Liberal
Quebec,Portneuf--Jacques-Cartier,24058,115313,93183,264,64674,98.1,1251,1.9,65925,70.7,Conservative
Quebec,Québec,24059,97143,79186,225,54198,98.1,1051,1.9,55249,69.8,Liberal
Quebec,Repentigny,24060,116066,92684,255,65456,98,1316,2,66772,72,BQ
Quebec,Richmond--Arthabaska,24061,107242,86896,268,58638,98.2,1077,1.8,59715,68.7,Conservative
Quebec,Rimouski-Neigette--Témiscouata--Les Basques,24018,84918,70099,218,45767,98.4,758,1.6,46525,66.4,BQ
Quebec,Rivière-des-Mille-Îles,24062,102346,82372,223,58184,98.2,1090,1.8,59274,72,BQ
Quebec,Rivière-du-Nord,24063,112156,96054,270,60101,98,1206,2,61307,63.8,BQ
Quebec,Rosemont--La Petite-Patrie,24064,110677,85832,221,60206,98.8,718,1.2,60924,71,NDP
Quebec,Saint-Hyacinthe--Bagot,24066,102693,82040,245,55914,97.6,1391,2.4,57305,69.9,BQ
Quebec,Saint-Jean,24067,111190,91228,254,61875,98,1241,2,63116,69.2,BQ
Quebec,Saint-Laurent,24068,98828,68271,167,40147,98.5,618,1.5,40765,59.7,Liberal
Quebec,Saint-Léonard--Saint-Michel,24069,113212,77136,197,45434,97.9,993,2.1,46427,60.2,Liberal
Quebec,Saint-Maurice--Champlain,24070,110264,91779,279,58414,97.8,1307,2.2,59721,65.1,Liberal
Quebec,Salaberry--Suroît,24071,112826,96039,283,62903,98,1285,2,64188,66.8,BQ
Quebec,Shefford,24072,111139,91138,269,60913,97.9,1313,2.1,62226,68.3,BQ
Quebec,Sherbrooke,24073,111176,89152,259,59726,98.3,1003,1.7,60729,68.1,Liberal
Quebec,Terrebonne,24075,111575,89062,199,61335,98,1282,2,62617,70.3,BQ
Quebec,Thérèse-De Blainville,24013,101840,82756,220,58549,98.4,933,1.6,59482,71.9,BQ
Quebec,Trois-Rivières,24076,110515,92465,258,60538,98.2,1092,1.8,61630,66.7,BQ
Quebec,Vaudreuil--Soulanges,24074,119227,95659,265,68142,98.6,962,1.4,69104,72.2,Liberal
Quebec,Ville-Marie--Le Sud-Ouest--Île-des-Soeurs,24077,114659,89012,227,52522,98.9,601,1.1,53123,59.7,Liberal
Quebec,Vimy,24078,111867,88462,233,55533,98.1,1057,1.9,56590,64,Liberal
Ontario,Ajax,35001,119677,93215,217,61020,99.2,487,0.8,61507,66,Liberal
Ontario,Algoma--Manitoulin--Kapuskasing,35002,79483,65906,210,40591,99.1,384,0.9,40975,62.2,NDP
Ontario,Aurora--Oak Ridges--Richmond Hill,35003,115227,83340,203,53109,99.2,454,0.8,53563,64.3,Conservative
Ontario,Barrie--Innisfil,35004,109286,87025,179,54253,99.3,376,0.7,54629,62.8,Conservative
Ontario,Barrie--Springwater--Oro-Medonte,35005,100788,81414,202,53793,99.3,378,0.7,54171,66.5,Conservative
Ontario,Bay of Quinte/Baie de Quinte,35006,109735,94197,227,61547,99.3,464,0.7,62011,65.8,Liberal
Ontario,Beaches--East York,35007,109468,81842,200,57078,99.4,340,0.6,57418,70.2,Liberal
Ontario,Brampton Centre/Brampton-Centre,35008,102270,67890,185,39758,98.8,480,1.2,40238,59.3,Liberal
Ontario,Brampton East/Brampton-Est,35009,122000,78728,211,50753,99,510,1,51263,65.1,Liberal
Ontario,Brampton North/Brampton-Nord,35010,118180,78229,193,50502,99,496,1,50998,65.2,Liberal
Ontario,Brampton South/Brampton-Sud,35011,121188,79046,199,48683,98.8,583,1.2,49266,62.3,Liberal
Ontario,Brampton West/Brampton-Ouest,35012,130000,88166,197,53683,98.6,735,1.4,54418,61.7,Liberal
Ontario,Brantford--Brant,35013,130296,108602,233,66666,99.3,497,0.7,67163,61.8,Conservative
Ontario,Bruce--Grey--Owen Sound,35014,107679,89386,249,58161,99.5,303,0.5,58464,65.4,Conservative
Ontario,Burlington,35015,123180,100201,275,71985,99.2,600,0.8,72585,72.4,Liberal
Ontario,Cambridge,35016,115463,90291,218,57942,99.3,385,0.7,58327,64.6,Liberal
Ontario,Carleton,35088,102918,88701,223,69359,99.4,408,0.6,69767,78.7,Conservative
Ontario,Chatham-Kent--Leamington,35017,109619,86586,258,54088,99.2,450,0.8,54538,63,Conservative
Ontario,Davenport,35018,108473,82047,192,53180,99.2,417,0.8,53597,65.3,Liberal
Ontario,Don Valley East/Don Valley-Est,35019,94579,66530,188,42294,99,438,1,42732,64.2,Liberal
Ontario,Don Valley North/Don Valley-Nord,35020,110076,76151,199,46571,99.3,314,0.7,46885,61.6,Liberal
Ontario,Don Valley West/Don Valley-Ouest,35021,102508,74003,167,52234,99.2,422,0.8,52656,71.2,Liberal
Ontario,Dufferin--Caledon,35022,128237,106348,221,68616,99.4,447,0.6,69063,64.9,Conservative
Ontario,Durham,35023,130872,108096,305,73014,99.3,480,0.7,73494,68,Conservative
Ontario,Eglinton--Lawrence,35024,114395,83559,210,56004,99.3,394,0.7,56398,67.5,Liberal
Ontario,Elgin--Middlesex--London,35025,115052,94026,172,61754,99.2,475,0.8,62229,66.2,Conservative
Ontario,Essex,35026,125442,102796,252,68288,99.3,450,0.7,68738,66.9,Conservative
Ontario,Etobicoke Centre/Etobicoke-Centre,35027,118022,92638,241,63219,99,624,1,63843,68.9,Liberal
Ontario,Etobicoke North/Etobicoke-Nord,35029,118040,75415,182,42946,98.7,565,1.3,43511,57.7,Liberal
Ontario,Etobicoke--Lakeshore,35028,129081,104246,239,69515,99.3,525,0.7,70040,67.2,Liberal
Ontario,Flamborough--Glanbrook,35030,111065,89823,221,62539,99.4,381,0.6,62920,70,Conservative
Ontario,Glengarry--Prescott--Russell,35031,109975,92555,269,65791,99,645,1,66436,71.8,Liberal
Ontario,Guelph,35032,131794,107425,237,75568,99.4,452,0.6,76020,70.8,Liberal
Ontario,Haldimand--Norfolk,35033,109652,91557,250,59926,99.3,436,0.7,60362,65.9,Conservative
Ontario,Haliburton--Kawartha Lakes--Brock,35034,113956,99274,273,65760,99.4,413,0.6,66173,66.7,Conservative
Ontario,Hamilton Centre/Hamilton-Centre,35035,100103,75371,187,44122,99.1,405,0.9,44527,59.1,NDP
Ontario,Hamilton East--Stoney Creek/Hamilton-Est--Stoney Creek,35036,107848,85252,206,52146,99,533,1,52679,61.8,Liberal
Ontario,Hamilton Mountain,35037,104877,81698,204,52949,99.1,489,0.9,53438,65.4,NDP
Ontario,Hamilton West--Ancaster--Dundas/Hamilton-Ouest--Ancaster--Dundas,35038,113024,89679,228,64901,99.4,415,0.6,65316,72.8,Liberal
Ontario,Hastings--Lennox and Addington,35039,94333,80434,222,53094,99.3,352,0.7,53446,66.4,Conservative
Ontario,Humber River--Black Creek,35121,108037,69524,165,37958,98.7,503,1.3,38461,55.3,Liberal
Ontario,Huron--Bruce,35040,106570,86416,257,60867,99.4,398,0.6,61265,70.9,Conservative
Ontario,Kanata--Carleton,35041,110960,87281,205,66772,99.3,438,0.7,67210,77,Liberal
Ontario,Kenora,35042,62556,46766,144,27787,99,273,1,28060,60,Conservative
Ontario,King--Vaughan,35043,131995,100174,247,63848,99.1,598,0.9,64446,64.3,Liberal
Ontario,Kingston and the Islands/Kingston et les Îles,35044,117543,98921,248,68193,99.3,484,0.7,68677,69.4,Liberal
Ontario,Kitchener Centre/Kitchener-Centre,35045,105258,83884,216,55374,99.2,465,0.8,55839,66.6,Liberal
Ontario,Kitchener South--Hespeler/Kitchener-Sud--Hespeler,35047,105309,80150,205,52233,99.2,395,0.8,52628,65.7,Liberal
Ontario,Kitchener--Conestoga,35046,100709,74975,214,51535,99.3,361,0.7,51896,69.2,Liberal
Ontario,Lambton--Kent--Middlesex,35048,105331,88838,240,58412,99.3,434,0.7,58846,66.2,Conservative
Ontario,Lanark--Frontenac--Kingston,35049,101630,87395,251,62481,99.3,434,0.7,62915,72,Conservative
Ontario,Leeds--Grenville--Thousand Islands and Rideau Lakes/Leeds--Grenville--Thousand Islands et Rideau Lakes,35050,100546,84999,237,58453,99.2,479,0.8,58932,69.3,Conservative
Ontario,London North Centre/London-Centre-Nord,35052,125362,98039,236,63741,99.2,493,0.8,64234,65.5,Liberal
Ontario,London West/London-Ouest,35053,126110,100387,241,71273,99.3,496,0.7,71769,71.5,Liberal
Ontario,London--Fanshawe,35051,119467,93944,235,55575,99.1,518,0.9,56093,59.7,NDP
Ontario,Markham--Stouffville,35054,126064,95461,236,64388,99,623,1,65011,68.1,Liberal
Ontario,Markham--Thornhill,35055,99078,72499,175,44331,99,448,1,44779,61.8,Liberal
Ontario,Markham--Unionville,35056,123318,88882,213,53396,99,523,1,53919,60.7,Conservative
Ontario,Milton,35057,114093,85353,194,59679,99.4,379,0.6,60058,70.4,Liberal
Ontario,Mississauga Centre/Mississauga-Centre,35058,124849,87888,228,53756,99.1,475,0.9,54231,61.7,Liberal
Ontario,Mississauga East--Cooksville/Mississauga-Est--Cooksville,35059,120205,86191,219,52623,99.1,483,0.9,53106,61.6,Liberal
Ontario,Mississauga--Erin Mills,35060,122560,88722,214,58262,98.9,637,1.1,58899,66.4,Liberal
Ontario,Mississauga--Lakeshore,35061,117444,90419,244,60999,99.3,407,0.7,61406,67.9,Liberal
Ontario,Mississauga--Malton,35062,118240,79810,190,48537,99,500,1,49037,61.4,Liberal
Ontario,Mississauga--Streetsville,35063,118301,87961,212,58765,99.3,437,0.7,59202,67.3,Liberal
Ontario,Nepean,35064,119110,93734,233,69583,99.4,407,0.6,69990,74.7,Liberal
Ontario,Newmarket--Aurora,35065,117418,91880,214,61460,99.3,424,0.7,61884,67.4,Liberal
Ontario,Niagara Centre/Niagara-Centre,35066,109067,90968,208,57963,99.1,539,0.9,58502,64.3,Liberal
Ontario,Niagara Falls,35067,136292,113232,238,69734,99.1,636,0.9,70370,62.1,Conservative
Ontario,Niagara West/Niagara-Ouest,35068,90838,74983,195,53924,99.5,252,0.5,54176,72.3,Conservative
Ontario,Nickel Belt,35069,93772,76585,211,48848,99.4,298,0.6,49146,64.2,Liberal
Ontario,Nipissing--Timiskaming,35070,88813,75052,202,47727,99.2,407,0.8,48134,64.1,Liberal
Ontario,Northumberland--Peterborough South/Northumberland--Peterborough-Sud,35071,112412,97186,292,68961,99.3,484,0.7,69445,71.5,Conservative
Ontario,Oakville,35072,120923,90334,246,65401,99.3,487,0.7,65888,72.9,Liberal
Ontario,Oakville North--Burlington/Oakville-Nord--Burlington,35073,129078,97696,218,69623,99.4,412,0.6,70035,71.7,Liberal
Ontario,Orléans,35076,128281,106321,264,81410,99.3,585,0.7,81995,77.1,Liberal
Ontario,Oshawa,35074,126764,101988,238,61983,99.3,414,0.7,62397,61.2,Conservative
Ontario,Ottawa Centre/Ottawa-Centre,35075,118038,101219,248,78902,99.4,482,0.6,79384,78.4,Liberal
Ontario,Ottawa South/Ottawa-Sud,35077,121058,92759,238,65376,99.1,574,0.9,65950,71.1,Liberal
Ontario,Ottawa West--Nepean/Ottawa-Ouest--Nepean,35079,111837,87394,229,62206,99,602,1,62808,71.9,Liberal
Ontario,Ottawa--Vanier,35078,111508,92837,247,63881,98.9,699,1.1,64580,69.6,Liberal
Ontario,Oxford,35080,113790,93166,222,60891,99.1,528,0.9,61419,65.9,Conservative
Ontario,Parkdale--High Park,35081,108805,84479,207,60887,99.4,382,0.6,61269,72.5,Liberal
Ontario,Parry Sound--Muskoka,35082,94398,83362,230,54663,99.3,392,0.7,55055,66,Conservative
Ontario,Perth--Wellington,35083,107908,83501,195,55294,99.3,381,0.7,55675,66.7,Conservative
Ontario,Peterborough--Kawartha,35084,118176,100351,281,69801,99.4,448,0.6,70249,70,Liberal
Ontario,Pickering--Uxbridge,35085,112947,92933,263,63495,99.4,407,0.6,63902,68.8,Liberal
Ontario,Renfrew--Nipissing--Pembroke,35086,103495,86387,245,58957,99.2,471,0.8,59428,68.8,Conservative
Ontario,Richmond Hill,35087,110177,85075,235,50149,98.8,584,1.2,50733,59.6,Liberal
Ontario,St. Catharines,35089,111691,91215,211,60113,99.2,506,0.8,60619,66.5,Liberal
Ontario,Sarnia--Lambton,35091,105337,85266,236,57916,99.3,400,0.7,58316,68.4,Conservative
Ontario,Sault Ste. Marie,35092,80371,66668,179,41700,99.2,337,0.8,42037,63.1,Liberal
Ontario,Scarborough Centre/Scarborough-Centre,35094,112603,76698,183,46556,98.6,638,1.4,47194,61.5,Liberal
Ontario,Scarborough North/Scarborough-Nord,35096,98800,66759,168,39037,99,385,1,39422,59.1,Liberal
Ontario,Scarborough Southwest/Scarborough-Sud-Ouest,35098,110278,79291,194,50635,99.1,449,0.9,51084,64.4,Liberal
Ontario,Scarborough--Agincourt,35093,105542,71907,189,41814,98.9,476,1.1,42290,58.8,Liberal
Ontario,Scarborough--Guildwood,35095,102386,68886,182,42742,98.7,580,1.3,43322,62.9,Liberal
Ontario,Scarborough--Rouge Park,35097,102275,77449,194,50426,99.4,322,0.6,50748,65.5,Liberal
Ontario,Simcoe North/Simcoe-Nord,35100,111332,97613,265,62778,99.4,358,0.6,63136,64.7,Conservative
Ontario,Simcoe--Grey,35099,129944,115604,312,75509,99.4,492,0.6,76001,65.7,Conservative
Ontario,Spadina--Fort York,35101,115506,93251,220,60650,99.4,339,0.6,60989,65.4,Liberal
Ontario,Stormont--Dundas--South Glengarry,35102,103320,84983,248,53711,99,533,1,54244,63.8,Conservative
Ontario,Sudbury,35103,91532,75035,207,47977,99.3,317,0.7,48294,64.4,Liberal
Ontario,Thornhill,35104,112719,85005,227,53496,98.9,583,1.1,54079,63.6,Conservative
Ontario,Thunder Bay--Rainy River,35105,82805,66306,193,41051,99.2,333,0.8,41384,62.4,Liberal
Ontario,Thunder Bay--Superior North/Thunder Bay--Supérieur-Nord,35106,82651,66579,201,43177,99,416,1,43593,65.5,Liberal
Ontario,Timmins--James Bay/Timmins--Baie James,35107,83257,63903,167,36740,99,369,1,37109,58.1,NDP
Ontario,Toronto Centre/Toronto-Centre,35108,103805,83076,255,54512,99.3,384,0.7,54896,66.1,Liberal
Ontario,Toronto--Danforth,35109,106875,82703,198,58059,99.3,413,0.7,58472,70.7,Liberal
Ontario,Toronto--St. Paul's,35090,107900,85544,206,59834,99.4,384,0.6,60218,70.4,Liberal
Ontario,University--Rosedale,35110,104311,83485,204,57391,99.5,281,0.5,57672,69.1,Liberal
Ontario,Vaughan--Woodbridge,35111,105228,80593,195,50328,99.1,480,0.9,50808,63,Liberal
Ontario,Waterloo,35112,110134,88927,229,63706,99.3,417,0.7,64123,72.1,Liberal
Ontario,Wellington--Halton Hills,35113,120981,99113,267,69680,99.5,359,0.5,70039,70.7,Conservative
Ontario,Whitby,35114,128377,98572,248,69101,99.4,415,0.6,69516,70.5,Liberal
Ontario,Willowdale,35115,118801,79367,195,45470,99.1,410,0.9,45880,57.8,Liberal
Ontario,Windsor West/Windsor-Ouest,35117,122988,94944,228,51962,98.9,560,1.1,52522,55.3,NDP
Ontario,Windsor--Tecumseh,35116,117429,95668,251,56957,99.1,539,0.9,57496,60.1,Liberal
Ontario,York Centre/York-Centre,35118,104319,71100,188,43186,98.5,665,1.5,43851,61.7,Liberal
Ontario,York South--Weston/York-Sud--Weston,35120,116686,79364,199,44463,98.7,575,1.3,45038,56.7,Liberal
Ontario,York--Simcoe,35119,104010,89556,183,53781,99.1,497,0.9,54278,60.6,Conservative
Manitoba,Brandon--Souris,46001,88170,63401,175,41206,99.5,224,0.5,41430,65.3,Conservative
Manitoba,Charleswood--St. James--Assiniboia--Headingley,46002,82574,65949,178,46228,99.4,256,0.6,46484,70.5,Conservative
Manitoba,Churchill--Keewatinook Aski,46003,87027,51482,152,23687,99.2,190,0.8,23877,46.4,NDP
Manitoba,Dauphin--Swan River--Neepawa,46004,87527,63250,233,40566,99.3,279,0.7,40845,64.6,Conservative
Manitoba,Elmwood--Transcona,46005,92738,70062,185,43364,99.3,313,0.7,43677,62.3,NDP
Manitoba,Kildonan--St. Paul,46006,84077,66290,203,44298,99.5,222,0.5,44520,67.2,Conservative
Manitoba,Portage--Lisgar,46007,97354,67397,227,44636,99.4,275,0.6,44911,66.6,Conservative
Manitoba,Provencher,46008,99946,71676,191,48305,99.3,322,0.7,48627,67.8,Conservative
Manitoba,Saint Boniface--Saint Vital/Saint-Boniface--Saint-Vital,46009,89818,68631,181,47338,99.4,269,0.6,47607,69.4,Liberal
Manitoba,Selkirk--Interlake--Eastman,46010,94778,74439,262,49602,99.4,322,0.6,49924,67.1,Conservative
Manitoba,Winnipeg Centre/Winnipeg-Centre,46011,85949,59762,173,31724,99.1,274,0.9,31998,53.5,NDP
Manitoba,Winnipeg North/Winnipeg-Nord,46012,95676,63681,170,32735,99.3,243,0.7,32978,51.8,Liberal
Manitoba,Winnipeg South/Winnipeg-Sud,46013,99678,69567,176,47889,99.4,303,0.6,48192,69.3,Liberal
Manitoba,Winnipeg South Centre/Winnipeg-Centre-Sud,46014,93053,71760,195,50661,99.5,267,0.5,50928,71,Liberal
Saskatchewan,Battlefords--Lloydminster,47001,73506,51893,140,35821,99.2,278,0.8,36099,69.6,Conservative
Saskatchewan,Carlton Trail--Eagle Creek/Sentier Carlton--Eagle Creek,47004,80662,58887,182,44949,99.5,240,0.5,45189,76.7,Conservative
Saskatchewan,Cypress Hills--Grasslands,47002,68353,50705,170,38415,99.3,259,0.7,38674,76.3,Conservative
Saskatchewan,Desnethé--Missinippi--Churchill River/Desnethé--Missinippi--Rivière Churchill,47003,70891,47985,168,27257,99.2,216,0.8,27473,57.3,Conservative
Saskatchewan,Moose Jaw--Lake Centre--Lanigan,47005,79733,59700,183,44984,99.4,291,0.6,45275,75.8,Conservative
Saskatchewan,Prince Albert,47006,79625,58367,174,39710,99.4,237,0.6,39947,68.4,Conservative
Saskatchewan,Regina--Lewvan,47007,92426,68770,182,51614,99.4,312,0.6,51926,75.5,Conservative
Saskatchewan,Regina--Qu'Appelle,47008,76017,56412,165,38755,99.2,323,0.8,39078,69.3,Conservative
Saskatchewan,Regina--Wascana,47009,84153,60451,139,45355,99.2,344,0.8,45699,75.6,Conservative
Saskatchewan,Saskatoon West/Saskatoon-Ouest,47012,83711,61577,150,38985,99,397,1,39382,64,Conservative
Saskatchewan,Saskatoon--Grasswood,47010,82946,64874,171,49439,99.3,337,0.7,49776,76.7,Conservative
Saskatchewan,Saskatoon--University,47011,82663,62012,168,47027,99.4,271,0.6,47298,76.3,Conservative
Saskatchewan,Souris--Moose Mountain,47013,72635,52708,190,41550,99.7,114,0.3,41664,79,Conservative
Saskatchewan,Yorkton--Melville,47014,71031,53643,204,38769,99.3,287,0.7,39056,72.8,Conservative
Alberta,Banff--Airdrie,48001,135762,108264,282,78080,99.5,393,0.5,78473,72.5,Conservative
Alberta,Battle River--Crowfoot,48002,110223,83139,246,62360,99.4,352,0.6,62712,75.4,Conservative
Alberta,Bow River,48003,115022,80610,211,55138,99.6,234,0.4,55372,68.7,Conservative
Alberta,Calgary Centre/Calgary-Centre,48004,119176,97129,226,65864,99.4,385,0.6,66249,68.2,Conservative
Alberta,Calgary Confederation,48005,122023,93160,244,65892,99.4,410,0.6,66302,71.2,Conservative
Alberta,Calgary Forest Lawn,48006,111830,75683,203,39964,99,395,1,40359,53.3,Conservative
Alberta,Calgary Heritage,48007,112087,82059,193,57715,99.6,260,0.4,57975,70.7,Conservative
Alberta,Calgary Midnapore,48008,121844,94245,233,68088,99.5,338,0.5,68426,72.6,Conservative
Alberta,Calgary Nose Hill,48009,115795,83395,203,55309,99.5,262,0.5,55571,66.6,Conservative
Alberta,Calgary Rocky Ridge,48010,131823,98738,236,70650,99.6,284,0.4,70934,71.8,Conservative
Alberta,Calgary Shepard,48011,147520,112660,265,78140,99.4,441,0.6,78581,69.8,Conservative
Alberta,Calgary Signal Hill,48012,121392,88690,225,63478,99.6,241,0.4,63719,71.8,Conservative
Alberta,Calgary Skyview,48013,135730,84915,197,50552,99,497,1,51049,60.1,Conservative
Alberta,Edmonton Centre/Edmonton-Centre,48014,109941,83112,202,53092,99.3,362,0.7,53454,64.3,Conservative
Alberta,Edmonton Griesbach,48015,112287,83188,212,46963,99.3,319,0.7,47282,56.8,Conservative
Alberta,Edmonton Manning,48016,121048,89968,200,54380,99.3,357,0.7,54737,60.8,Conservative
Alberta,Edmonton Mill Woods,48017,118561,78601,192,53177,99.4,342,0.6,53519,68.1,Conservative
Alberta,Edmonton Riverbend,48018,120863,87305,211,61148,99.5,329,0.5,61477,70.4,Conservative
Alberta,Edmonton Strathcona,48019,106066,78876,196,56745,99.6,250,0.4,56995,72.3,NDP
Alberta,Edmonton West/Edmonton-Ouest,48020,121869,89249,214,58635,99.5,304,0.5,58939,66,Conservative
Alberta,Edmonton--Wetaskiwin,48021,158749,125054,288,87455,99.6,392,0.4,87847,70.2,Conservative
Alberta,Foothills,48022,113227,87873,254,65591,99.6,290,0.4,65881,75,Conservative
Alberta,Fort McMurray--Cold Lake,48023,110230,79222,213,50976,99.5,258,0.5,51234,64.7,Conservative
Alberta,Grande Prairie--Mackenzie,48024,117327,86736,227,60979,99.5,314,0.5,61293,70.7,Conservative
Alberta,Lakeland,48025,108451,80578,236,57578,99.7,198,0.3,57776,71.7,Conservative
Alberta,Lethbridge,48026,117394,90051,243,61882,99.5,335,0.5,62217,69.1,Conservative
Alberta,Medicine Hat--Cardston--Warner,48027,106896,79596,214,53102,99.5,254,0.5,53356,67,Conservative
Alberta,Peace River--Westlock,48028,109965,75814,225,51649,99.3,347,0.7,51996,68.6,Conservative
Alberta,Red Deer--Lacombe,48030,128786,95095,253,67444,99.5,325,0.5,67769,71.3,Conservative
Alberta,Red Deer--Mountain View,48029,119019,90857,242,68169,99.6,278,0.4,68447,75.3,Conservative
Alberta,St. Albert--Edmonton,48031,121313,93468,238,65091,99.5,336,0.5,65427,70,Conservative
Alberta,Sherwood Park--Fort Saskatchewan,48032,122193,96171,252,73050,99.6,321,0.4,73371,76.3,Conservative
Alberta,Sturgeon River--Parkland,48033,120784,94282,247,68657,99.5,314,0.5,68971,73.2,Conservative
Alberta,Yellowhead,48034,101979,76197,257,55968,99.5,303,0.5,56271,73.8,Conservative
British Columbia,Abbotsford,59001,101814,75474,165,48936,99.2,403,0.8,49339,65.4,Conservative
British Columbia,Burnaby North--Seymour/Burnaby-Nord--Seymour,59002,102486,77969,188,50059,99.1,466,0.9,50525,64.8,Liberal
British Columbia,Burnaby South/Burnaby-Sud,59003,111973,80312,190,45006,99.1,417,0.9,45423,56.6,NDP
British Columbia,Cariboo--Prince George,59004,108907,84968,226,54774,99.4,321,0.6,55095,64.8,Conservative
British Columbia,Central Okanagan--Similkameen--Nicola,59005,110293,95597,225,64935,99.5,341,0.5,65276,68.3,Conservative
British Columbia,Chilliwack--Hope,59006,100126,82824,194,53755,99.6,226,0.4,53981,65.2,Conservative
British Columbia,Cloverdale--Langley City,59007,117640,86610,203,55488,99.3,415,0.7,55903,64.5,Conservative
British Columbia,Coquitlam--Port Coquitlam,59008,123576,92653,215,58175,99.5,314,0.5,58489,63.1,Liberal
British Columbia,Courtenay--Alberni,59009,114647,101731,262,72280,99.5,359,0.5,72639,71.4,NDP
British Columbia,Cowichan--Malahat--Langford,59010,108052,93745,240,65228,99.6,282,0.4,65510,69.9,NDP
British Columbia,Delta,59011,103064,77216,187,53976,99.3,361,0.7,54337,70.4,Liberal
British Columbia,Esquimalt--Saanich--Sooke,59026,120834,100238,232,70125,99.6,304,0.4,70429,70.3,NDP
British Columbia,Fleetwood--Port Kells,59012,116958,81198,199,48905,99.3,336,0.7,49241,60.6,Liberal
British Columbia,Kamloops--Thompson--Cariboo,59013,124358,104054,281,72453,99.6,311,0.4,72764,69.9,Conservative
British Columbia,Kelowna--Lake Country,59014,119388,101507,229,69120,99.6,305,0.4,69425,68.4,Conservative
British Columbia,Kootenay--Columbia,59015,112354,93002,266,67330,99.6,266,0.4,67596,72.7,Conservative
British Columbia,Langley--Aldergrove,59016,117017,93499,214,63452,99.4,373,0.6,63825,68.3,Conservative
British Columbia,Mission--Matsqui--Fraser Canyon,59017,94825,69970,176,46066,99.1,439,0.9,46505,66.5,Conservative
British Columbia,Nanaimo--Ladysmith,59018,122710,104678,254,71864,99.7,225,0.3,72089,68.9,Green
British Columbia,New Westminster--Burnaby,59019,115340,86544,199,52977,99.2,452,0.8,53429,61.7,NDP
British Columbia,North Island--Powell River,59037,105466,90454,248,62915,99.5,291,0.5,63206,69.9,NDP
British Columbia,North Okanagan--Shuswap,59020,124605,107712,284,74145,99.4,449,0.6,74594,69.3,Conservative
British Columbia,North Vancouver,59021,115344,88874,207,62930,99.4,349,0.6,63279,71.2,Liberal
British Columbia,Pitt Meadows--Maple Ridge,59022,101101,80494,181,54231,99.5,298,0.5,54529,67.7,Conservative
British Columbia,Port Moody--Coquitlam,59023,110817,82674,200,54003,99.3,361,0.7,54364,65.8,Conservative
British Columbia,Prince George--Peace River--Northern Rockies,59024,110995,81094,231,55129,99.5,283,0.5,55412,68.3,Conservative
British Columbia,Richmond Centre/Richmond-Centre,59025,98396,73975,186,38817,99.1,371,0.9,39188,53,Conservative
British Columbia,Saanich--Gulf Islands,59027,107339,91752,236,68150,99.5,323,0.5,68473,74.6,Green
British Columbia,Skeena--Bulkley Valley,59028,88920,67474,217,41384,99.4,267,0.6,41651,61.7,NDP
British Columbia,South Okanagan--West Kootenay/Okanagan-Sud--Kootenay-Ouest,59029,114695,99676,278,68196,99.4,381,0.6,68577,68.8,NDP
British Columbia,South Surrey--White Rock/Surrey-Sud--White Rock,59030,104051,84664,207,58028,99.4,326,0.6,58354,68.9,Conservative
British Columbia,Steveston--Richmond East/Steveston--Richmond-Est,59031,99913,74428,182,41951,99,431,1,42382,56.9,Conservative
British Columbia,Surrey Centre/Surrey-Centre,59032,120172,76731,181,41319,98.9,471,1.1,41790,54.5,Liberal
British Columbia,Surrey--Newton,59033,114605,67763,163,42098,98.8,505,1.2,42603,62.9,Liberal
British Columbia,Vancouver Centre/Vancouver-Centre,59034,116443,92243,238,55946,99.4,364,0.6,56310,61,Liberal
British Columbia,Vancouver East/Vancouver-Est,59035,115724,93146,234,55611,99,537,1,56148,60.3,NDP
British Columbia,Vancouver Granville,59036,103456,82985,203,53032,99.5,264,0.5,53296,64.2,Independent
British Columbia,Vancouver Kingsway,59038,104870,76039,185,44163,99,446,1,44609,58.7,NDP
British Columbia,Vancouver Quadra,59039,105608,75967,167,50754,99.5,251,0.5,51005,67.1,Liberal
British Columbia,Vancouver South/Vancouver-Sud,59040,102927,74826,192,43194,99,431,1,43625,58.3,Liberal
British Columbia,Victoria,59041,117133,99103,225,71549,99.3,475,0.7,72024,72.7,NDP
British Columbia,West Vancouver--Sunshine Coast--Sea to Sky Country,59042,119113,95395,265,64980,99.5,335,0.5,65315,68.5,Liberal
Yukon,Yukon,60001,35874,29591,89,21017,99.4,133,0.6,21150,71.5,Liberal
Northwest Territories,Northwest Territories/Territoires du Nord-Ouest,61001,41786,30704,101,16291,99.2,125,0.8,16416,53.5,Liberal
Nunavut,Nunavut,62001,35944,20025,55,9454,99.1,88,0.9,9542,47.7,NDP
